,index,hazard
0,Milk,0.2615528970208773
1,Egg,0.12385643912737508
2,Wheat,0.0905465634529674
3,Sulphites,0.0781140042223786
4,Mustard,0.06873094065212292
5,Peanut,0.056767534600046916
6,Gluten,0.05137227304714989
7,Soy,0.04785362420830401
8,Sesame,0.039643443584330286
9,Almond,0.03424818203143326
10,Cashew,0.015716631480178277
