,index,hazard_type
0,Allergen,0.4418081918081918
1,Microbiological,0.31193806193806195
2,Extraneous Material,0.11388611388611389
3,Chemical,0.04020979020979021
4,Other,0.08938056343656334
